id	title	filename	original_image_url	landing_page
museovirasto.03ED5E84F23006ADD9CCBE87AE55CB86	Annõ Rottenberg ja oviaukosta kurkkivia lapsia	images/museovirasto.03ED5E84F23006ADD9CCBE87AE55CB86.jpg	https://finna.fi/Cover/Download?id=museovirasto.03ED5E84F23006ADD9CCBE87AE55CB86&index=0&size=original&format=tif	https://finna.fi/Record/museovirasto.03ED5E84F23006ADD9CCBE87AE55CB86
museovirasto.08A3B65A4D7E0116FAE52F07BB6CD4A2	75-vuotias Andrõks Rosenfelt	images/museovirasto.08A3B65A4D7E0116FAE52F07BB6CD4A2.jpg	https://finna.fi/Cover/Download?id=museovirasto.08A3B65A4D7E0116FAE52F07BB6CD4A2&index=0&size=original&format=tif	https://finna.fi/Record/museovirasto.08A3B65A4D7E0116FAE52F07BB6CD4A2
museovirasto.16FC00C5EF0122CC37F2C7187BDB67DC	Andrei Ermanbrik, Kristina ja Artur talon portailla	images/museovirasto.16FC00C5EF0122CC37F2C7187BDB67DC.jpg	https://finna.fi/Cover/Download?id=museovirasto.16FC00C5EF0122CC37F2C7187BDB67DC&index=0&size=original&format=tif	https://finna.fi/Record/museovirasto.16FC00C5EF0122CC37F2C7187BDB67DC
museovirasto.21AAA9D605EDCABFD5EC7644A69B85C8	halkoja lastataan mereen ajetuista kärryistä veneisiin	images/museovirasto.21AAA9D605EDCABFD5EC7644A69B85C8.jpg	https://finna.fi/Cover/Download?id=museovirasto.21AAA9D605EDCABFD5EC7644A69B85C8&index=0&size=original&format=tif	https://finna.fi/Record/museovirasto.21AAA9D605EDCABFD5EC7644A69B85C8
museovirasto.2A7930C0C97420D036E3BB6851F8E906	vanhat yhden hevosen rattaat	images/museovirasto.2A7930C0C97420D036E3BB6851F8E906.jpg	https://finna.fi/Cover/Download?id=museovirasto.2A7930C0C97420D036E3BB6851F8E906&index=0&size=original&format=tif	https://finna.fi/Record/museovirasto.2A7930C0C97420D036E3BB6851F8E906
museovirasto.31D098EEFB915963EDE56C7D977EE3BB	Ditš Belts hankoauran kurjessa	images/museovirasto.31D098EEFB915963EDE56C7D977EE3BB.jpg	https://finna.fi/Cover/Download?id=museovirasto.31D098EEFB915963EDE56C7D977EE3BB&index=0&size=original&format=tif	https://finna.fi/Record/museovirasto.31D098EEFB915963EDE56C7D977EE3BB
museovirasto.3DAC7BDC6231B674580EC90FD6F02A99	kahden hevosen rattaat	images/museovirasto.3DAC7BDC6231B674580EC90FD6F02A99.jpg	https://finna.fi/Cover/Download?id=museovirasto.3DAC7BDC6231B674580EC90FD6F02A99&index=0&size=original&format=tif	https://finna.fi/Record/museovirasto.3DAC7BDC6231B674580EC90FD6F02A99
museovirasto.45273D12EAB76611471ACA7105037E3F	kattohaikaroiden eli tuonenkurkien pesä	images/museovirasto.45273D12EAB76611471ACA7105037E3F.jpg	https://finna.fi/Cover/Download?id=museovirasto.45273D12EAB76611471ACA7105037E3F&index=0&size=original&format=tif	https://finna.fi/Record/museovirasto.45273D12EAB76611471ACA7105037E3F
museovirasto.48762DF7C14E3E2A8223C99F02495C5C	tulikota, jonka seinustalla on pyykkikaukalo	images/museovirasto.48762DF7C14E3E2A8223C99F02495C5C.jpg	https://finna.fi/Cover/Download?id=museovirasto.48762DF7C14E3E2A8223C99F02495C5C&index=0&size=original&format=tif	https://finna.fi/Record/museovirasto.48762DF7C14E3E2A8223C99F02495C5C
museovirasto.50F97DAAEE57A5623AAE67647B9BBD82	kotá eli kuvdá, keittopata(?)	images/museovirasto.50F97DAAEE57A5623AAE67647B9BBD82.jpg	https://finna.fi/Cover/Download?id=museovirasto.50F97DAAEE57A5623AAE67647B9BBD82&index=0&size=original&format=tif	https://finna.fi/Record/museovirasto.50F97DAAEE57A5623AAE67647B9BBD82
museovirasto.5ABC0C6336437617299E8AA033DC01E6	Nikolai ja Līž Pietok	images/museovirasto.5ABC0C6336437617299E8AA033DC01E6.jpg	https://finna.fi/Cover/Download?id=museovirasto.5ABC0C6336437617299E8AA033DC01E6&index=0&size=original&format=tif	https://finna.fi/Record/museovirasto.5ABC0C6336437617299E8AA033DC01E6
museovirasto.6899CBF8440363465012B4EC88C8D545	Prinzin talon sauna	images/museovirasto.6899CBF8440363465012B4EC88C8D545.jpg	https://finna.fi/Cover/Download?id=museovirasto.6899CBF8440363465012B4EC88C8D545&index=0&size=original&format=tif	https://finna.fi/Record/museovirasto.6899CBF8440363465012B4EC88C8D545
museovirasto.727522A900462322DD1B294DF15905AD	pärekattoinen aitta	images/museovirasto.727522A900462322DD1B294DF15905AD.jpg	https://finna.fi/Cover/Download?id=museovirasto.727522A900462322DD1B294DF15905AD&index=0&size=original&format=tif	https://finna.fi/Record/museovirasto.727522A900462322DD1B294DF15905AD
museovirasto.831839C773CF3F0D462A4B16B0B25488	Ditš Damberg kalastusasussa, ilman esiliinaa	images/museovirasto.831839C773CF3F0D462A4B16B0B25488.jpg	https://finna.fi/Cover/Download?id=museovirasto.831839C773CF3F0D462A4B16B0B25488&index=0&size=original&format=tif	https://finna.fi/Record/museovirasto.831839C773CF3F0D462A4B16B0B25488
museovirasto.867FA19AF773C3DFDC65572F5ED82F51	nainen suolaa perattuja kampeloita	images/museovirasto.867FA19AF773C3DFDC65572F5ED82F51.jpg	https://finna.fi/Cover/Download?id=museovirasto.867FA19AF773C3DFDC65572F5ED82F51&index=0&size=original&format=tif	https://finna.fi/Record/museovirasto.867FA19AF773C3DFDC65572F5ED82F51
museovirasto.8904817F88BFA8B5B19D7BD8BB7DD712	Mari Anbaug	images/museovirasto.8904817F88BFA8B5B19D7BD8BB7DD712.jpg	https://finna.fi/Cover/Download?id=museovirasto.8904817F88BFA8B5B19D7BD8BB7DD712&index=0&size=original&format=tif	https://finna.fi/Record/museovirasto.8904817F88BFA8B5B19D7BD8BB7DD712
museovirasto.8BF0C9239290B2BA225C8D4AED54495A	kampeloiden pesuun käytettäviä työvälineitä	images/museovirasto.8BF0C9239290B2BA225C8D4AED54495A.jpg	https://finna.fi/Cover/Download?id=museovirasto.8BF0C9239290B2BA225C8D4AED54495A&index=0&size=original&format=tif	https://finna.fi/Record/museovirasto.8BF0C9239290B2BA225C8D4AED54495A
museovirasto.99C3FDC761EBAD842FB831B45791D863	kaksi puista kelaa	images/museovirasto.99C3FDC761EBAD842FB831B45791D863.jpg	https://finna.fi/Cover/Download?id=museovirasto.99C3FDC761EBAD842FB831B45791D863&index=0&size=original&format=tif	https://finna.fi/Record/museovirasto.99C3FDC761EBAD842FB831B45791D863
museovirasto.A62E32775E438C7D7E8DD7C5AD978C7E	savupirtin kiuas	images/museovirasto.A62E32775E438C7D7E8DD7C5AD978C7E.jpg	https://finna.fi/Cover/Download?id=museovirasto.A62E32775E438C7D7E8DD7C5AD978C7E&index=0&size=original&format=tif	https://finna.fi/Record/museovirasto.A62E32775E438C7D7E8DD7C5AD978C7E
museovirasto.AE1BC490A83BA03585A221036C44C0CE	Līž Val't vanhassa morsiuspuvussa	images/museovirasto.AE1BC490A83BA03585A221036C44C0CE.jpg	https://finna.fi/Cover/Download?id=museovirasto.AE1BC490A83BA03585A221036C44C0CE&index=0&size=original&format=tif	https://finna.fi/Record/museovirasto.AE1BC490A83BA03585A221036C44C0CE
museovirasto.BAD975A85C0F7341EB105C234C0BE57F	autioitunut asumus, johon kuuluvat aitta, tupa, eteinen ja talli	images/museovirasto.BAD975A85C0F7341EB105C234C0BE57F.jpg	https://finna.fi/Cover/Download?id=museovirasto.BAD975A85C0F7341EB105C234C0BE57F&index=0&size=original&format=tif	https://finna.fi/Record/museovirasto.BAD975A85C0F7341EB105C234C0BE57F
museovirasto.C157A5CBD6CE2BD907825439B592AC59	tuvan ja eteisen käsittävä Vigan talo	images/museovirasto.C157A5CBD6CE2BD907825439B592AC59.jpg	https://finna.fi/Cover/Download?id=museovirasto.C157A5CBD6CE2BD907825439B592AC59&index=0&size=original&format=tif	https://finna.fi/Record/museovirasto.C157A5CBD6CE2BD907825439B592AC59
museovirasto.C703F7B808733AC83EBED1D08BBFB3EE	tuulimylly	images/museovirasto.C703F7B808733AC83EBED1D08BBFB3EE.jpg	https://finna.fi/Cover/Download?id=museovirasto.C703F7B808733AC83EBED1D08BBFB3EE&index=0&size=original&format=tif	https://finna.fi/Record/museovirasto.C703F7B808733AC83EBED1D08BBFB3EE
museovirasto.D453EE753CE88D973E50AC38811E03E6	ranta-aitta	images/museovirasto.D453EE753CE88D973E50AC38811E03E6.jpg	https://finna.fi/Cover/Download?id=museovirasto.D453EE753CE88D973E50AC38811E03E6&index=0&size=original&format=tif	https://finna.fi/Record/museovirasto.D453EE753CE88D973E50AC38811E03E6
museovirasto.F0292F4C433A306D45579219BBACFABF	Jan Ernetovskij, professori Setälän kielimestari	images/museovirasto.F0292F4C433A306D45579219BBACFABF.jpg	https://finna.fi/Cover/Download?id=museovirasto.F0292F4C433A306D45579219BBACFABF&index=0&size=original&format=tif	https://finna.fi/Record/museovirasto.F0292F4C433A306D45579219BBACFABF
museovirasto.F1C5DD023EF1843511F7ADF6ABFA6AD1	käsikivet	images/museovirasto.F1C5DD023EF1843511F7ADF6ABFA6AD1.jpg	https://finna.fi/Cover/Download?id=museovirasto.F1C5DD023EF1843511F7ADF6ABFA6AD1&index=0&size=original&format=tif	https://finna.fi/Record/museovirasto.F1C5DD023EF1843511F7ADF6ABFA6AD1
museovirasto.FD48F322681AB5EBF1EABA959E5D2BA0	Fritz Kleiberg kalastajanpuvussa	images/museovirasto.FD48F322681AB5EBF1EABA959E5D2BA0.jpg	https://finna.fi/Cover/Download?id=museovirasto.FD48F322681AB5EBF1EABA959E5D2BA0&index=0&size=original&format=tif	https://finna.fi/Record/museovirasto.FD48F322681AB5EBF1EABA959E5D2BA0
museovirasto.03FCB4866A2313D6F666A04CDFCCDCBC	Adamsonin perhe	images/museovirasto.03FCB4866A2313D6F666A04CDFCCDCBC.jpg	https://finna.fi/Cover/Download?id=museovirasto.03FCB4866A2313D6F666A04CDFCCDCBC&index=0&size=original&format=tif	https://finna.fi/Record/museovirasto.03FCB4866A2313D6F666A04CDFCCDCBC
museovirasto.0BD7FF9985B88A750B0080706EE12DFF	Kristin Demborg kantamassa vesisankoja ämmänlängillä	images/museovirasto.0BD7FF9985B88A750B0080706EE12DFF.jpg	https://finna.fi/Cover/Download?id=museovirasto.0BD7FF9985B88A750B0080706EE12DFF&index=0&size=original&format=tif	https://finna.fi/Record/museovirasto.0BD7FF9985B88A750B0080706EE12DFF
museovirasto.1918BE42884C3086879D3E078A9857D9	Prinzin talon tytär Līna Walt tyttärineen	images/museovirasto.1918BE42884C3086879D3E078A9857D9.jpg	https://finna.fi/Cover/Download?id=museovirasto.1918BE42884C3086879D3E078A9857D9&index=0&size=original&format=tif	https://finna.fi/Record/museovirasto.1918BE42884C3086879D3E078A9857D9
museovirasto.23C60354AA5B0669375B952682B06592	kalastusvene kuivaa purjeitaan rannalla	images/museovirasto.23C60354AA5B0669375B952682B06592.jpg	https://finna.fi/Cover/Download?id=museovirasto.23C60354AA5B0669375B952682B06592&index=0&size=original&format=tif	https://finna.fi/Record/museovirasto.23C60354AA5B0669375B952682B06592
museovirasto.28F6ECE91151F01A4EA6F10F0A48D83B	tutkimusryhmän matkatavaroita kuljetetaan hevoskyydillä Iiraan	images/museovirasto.28F6ECE91151F01A4EA6F10F0A48D83B.jpg	https://finna.fi/Cover/Download?id=museovirasto.28F6ECE91151F01A4EA6F10F0A48D83B&index=0&size=original&format=tif	https://finna.fi/Record/museovirasto.28F6ECE91151F01A4EA6F10F0A48D83B
museovirasto.4569A72DF5A97872A661C5D549AB7EDA	rantamaisema	images/museovirasto.4569A72DF5A97872A661C5D549AB7EDA.jpg	https://finna.fi/Cover/Download?id=museovirasto.4569A72DF5A97872A661C5D549AB7EDA&index=0&size=original&format=tif	https://finna.fi/Record/museovirasto.4569A72DF5A97872A661C5D549AB7EDA
museovirasto.4ED5FB537E45B25154226CAAE97E012D	asuinrakennus	images/museovirasto.4ED5FB537E45B25154226CAAE97E012D.jpg	https://finna.fi/Cover/Download?id=museovirasto.4ED5FB537E45B25154226CAAE97E012D&index=0&size=original&format=tif	https://finna.fi/Record/museovirasto.4ED5FB537E45B25154226CAAE97E012D
museovirasto.568AAD2187C593FD8E835926074EFCA4	kalastusverkkojen vapeita rannalla	images/museovirasto.568AAD2187C593FD8E835926074EFCA4.jpg	https://finna.fi/Cover/Download?id=museovirasto.568AAD2187C593FD8E835926074EFCA4&index=0&size=original&format=tif	https://finna.fi/Record/museovirasto.568AAD2187C593FD8E835926074EFCA4
museovirasto.6E0C033BE11BA8E71E31514D827A2FBB	Kersti Volganskij ja hänen poikansa, tyttärensä sekä tyttärenpoikansa	images/museovirasto.6E0C033BE11BA8E71E31514D827A2FBB.jpg	https://finna.fi/Cover/Download?id=museovirasto.6E0C033BE11BA8E71E31514D827A2FBB&index=0&size=original&format=tif	https://finna.fi/Record/museovirasto.6E0C033BE11BA8E71E31514D827A2FBB
museovirasto.82394856FEA496829470DD67A6FD0411	kalastusvene saapumassa rantaan	images/museovirasto.82394856FEA496829470DD67A6FD0411.jpg	https://finna.fi/Cover/Download?id=museovirasto.82394856FEA496829470DD67A6FD0411&index=0&size=original&format=tif	https://finna.fi/Record/museovirasto.82394856FEA496829470DD67A6FD0411
museovirasto.85FFED2DC59ACEEC72E76B885E7E8E25	kalanperkausta kalastusveneiden luona	images/museovirasto.85FFED2DC59ACEEC72E76B885E7E8E25.jpg	https://finna.fi/Cover/Download?id=museovirasto.85FFED2DC59ACEEC72E76B885E7E8E25&index=0&size=original&format=tif	https://finna.fi/Record/museovirasto.85FFED2DC59ACEEC72E76B885E7E8E25
museovirasto.916C90FF9F90C64652BBBF71FFA578F3	Drõudzinin talo	images/museovirasto.916C90FF9F90C64652BBBF71FFA578F3.jpg	https://finna.fi/Cover/Download?id=museovirasto.916C90FF9F90C64652BBBF71FFA578F3&index=0&size=original&format=tif	https://finna.fi/Record/museovirasto.916C90FF9F90C64652BBBF71FFA578F3
museovirasto.9FF38CB78F309042ECF716C01172C2D7	mies ja nainen perkaamassa kaloja	images/museovirasto.9FF38CB78F309042ECF716C01172C2D7.jpg	https://finna.fi/Cover/Download?id=museovirasto.9FF38CB78F309042ECF716C01172C2D7&index=0&size=original&format=tif	https://finna.fi/Record/museovirasto.9FF38CB78F309042ECF716C01172C2D7
museovirasto.A39862D22F256B905D670243B1CE6655	rantamaisema	images/museovirasto.A39862D22F256B905D670243B1CE6655.jpg	https://finna.fi/Cover/Download?id=museovirasto.A39862D22F256B905D670243B1CE6655&index=0&size=original&format=tif	https://finna.fi/Record/museovirasto.A39862D22F256B905D670243B1CE6655
museovirasto.A490AF9209411E95CD24148A9D3861F5	veneenhylystä rakennettu kota	images/museovirasto.A490AF9209411E95CD24148A9D3861F5.jpg	https://finna.fi/Cover/Download?id=museovirasto.A490AF9209411E95CD24148A9D3861F5&index=0&size=original&format=tif	https://finna.fi/Record/museovirasto.A490AF9209411E95CD24148A9D3861F5
museovirasto.AE76132A4BF1306E3480F633F4C3DCB2	liiviläisvanhus Dietrich Belt	images/museovirasto.AE76132A4BF1306E3480F633F4C3DCB2.jpg	https://finna.fi/Cover/Download?id=museovirasto.AE76132A4BF1306E3480F633F4C3DCB2&index=0&size=original&format=tif	https://finna.fi/Record/museovirasto.AE76132A4BF1306E3480F633F4C3DCB2
museovirasto.D5069508C3AB1122FADF0A2227798097	89-vuotias Andrõks Hausman	images/museovirasto.D5069508C3AB1122FADF0A2227798097.jpg	https://finna.fi/Cover/Download?id=museovirasto.D5069508C3AB1122FADF0A2227798097&index=0&size=original&format=tif	https://finna.fi/Record/museovirasto.D5069508C3AB1122FADF0A2227798097
museovirasto.D983F9F2C178B32CFB72129898677483	kiuas ja koukut	images/museovirasto.D983F9F2C178B32CFB72129898677483.jpg	https://finna.fi/Cover/Download?id=museovirasto.D983F9F2C178B32CFB72129898677483&index=0&size=original&format=tif	https://finna.fi/Record/museovirasto.D983F9F2C178B32CFB72129898677483
museovirasto.E4C04D17B9D8BFA794A6D050AEF7080A	kalastusvene saapumassa rantaan	images/museovirasto.E4C04D17B9D8BFA794A6D050AEF7080A.jpg	https://finna.fi/Cover/Download?id=museovirasto.E4C04D17B9D8BFA794A6D050AEF7080A&index=0&size=original&format=tif	https://finna.fi/Record/museovirasto.E4C04D17B9D8BFA794A6D050AEF7080A
museovirasto.07CB6A38F3F5EDA35D68E47416D66FB6	Aleks Ollman, Lina Sults ja Jani Daambo käyttävät köydenpunontakonetta	images/museovirasto.07CB6A38F3F5EDA35D68E47416D66FB6.jpg	https://finna.fi/Cover/Download?id=museovirasto.07CB6A38F3F5EDA35D68E47416D66FB6&index=0&size=original&format=tif	https://finna.fi/Record/museovirasto.07CB6A38F3F5EDA35D68E47416D66FB6
museovirasto.0F30C20720D241081FAF6559B68E3B3B	veneenhylystä tehty maja	images/museovirasto.0F30C20720D241081FAF6559B68E3B3B.jpg	https://finna.fi/Cover/Download?id=museovirasto.0F30C20720D241081FAF6559B68E3B3B&index=0&size=original&format=tif	https://finna.fi/Record/museovirasto.0F30C20720D241081FAF6559B68E3B3B
museovirasto.124C29E29A6850F1DA40121D3063D0B0	rantamaisema	images/museovirasto.124C29E29A6850F1DA40121D3063D0B0.jpg	https://finna.fi/Cover/Download?id=museovirasto.124C29E29A6850F1DA40121D3063D0B0&index=0&size=original&format=tif	https://finna.fi/Record/museovirasto.124C29E29A6850F1DA40121D3063D0B0
museovirasto.13BBFF57B01605DF72AF90CDB633372C	entisen ranta-aitan vanhat ovet	images/museovirasto.13BBFF57B01605DF72AF90CDB633372C.jpg	https://finna.fi/Cover/Download?id=museovirasto.13BBFF57B01605DF72AF90CDB633372C&index=0&size=original&format=tif	https://finna.fi/Record/museovirasto.13BBFF57B01605DF72AF90CDB633372C
museovirasto.14202E1712E712A09583F928075AA209	nuottanuorat kuivumassa telineillä	images/museovirasto.14202E1712E712A09583F928075AA209.jpg	https://finna.fi/Cover/Download?id=museovirasto.14202E1712E712A09583F928075AA209&index=0&size=original&format=tif	https://finna.fi/Record/museovirasto.14202E1712E712A09583F928075AA209
museovirasto.3BBD5AA134EF8E72C6BEE70D1E5D508F	miehet punomassa köyttä	images/museovirasto.3BBD5AA134EF8E72C6BEE70D1E5D508F.jpg	https://finna.fi/Cover/Download?id=museovirasto.3BBD5AA134EF8E72C6BEE70D1E5D508F&index=0&size=original&format=tif	https://finna.fi/Record/museovirasto.3BBD5AA134EF8E72C6BEE70D1E5D508F
museovirasto.3E49612DC08245830EAA7ED121E2A758	työkaluja	images/museovirasto.3E49612DC08245830EAA7ED121E2A758.jpg	https://finna.fi/Cover/Download?id=museovirasto.3E49612DC08245830EAA7ED121E2A758&index=0&size=original&format=tif	https://finna.fi/Record/museovirasto.3E49612DC08245830EAA7ED121E2A758
museovirasto.409F1E30E18CF432C652F16BCFDD7BC9	Trīn Freiberg vanhassa morsiuspuvussaan	images/museovirasto.409F1E30E18CF432C652F16BCFDD7BC9.jpg	https://finna.fi/Cover/Download?id=museovirasto.409F1E30E18CF432C652F16BCFDD7BC9&index=0&size=original&format=tif	https://finna.fi/Record/museovirasto.409F1E30E18CF432C652F16BCFDD7BC9
museovirasto.4224AC214C277F3D10FA7ACBEE308BA9	katos verkonmerkkien säilytykseen	images/museovirasto.4224AC214C277F3D10FA7ACBEE308BA9.jpg	https://finna.fi/Cover/Download?id=museovirasto.4224AC214C277F3D10FA7ACBEE308BA9&index=0&size=original&format=tif	https://finna.fi/Record/museovirasto.4224AC214C277F3D10FA7ACBEE308BA9
museovirasto.6CD18985A3EBBDC082088FEFC60F5E1A	hyljekeihään kärkiä, nahkalapikkaiden paikkuuvälineet ja niihin kuuluva tuppi	images/museovirasto.6CD18985A3EBBDC082088FEFC60F5E1A.jpg	https://finna.fi/Cover/Download?id=museovirasto.6CD18985A3EBBDC082088FEFC60F5E1A&index=0&size=original&format=tif	https://finna.fi/Record/museovirasto.6CD18985A3EBBDC082088FEFC60F5E1A
museovirasto.6CF19764E422C0560669AE85AAB318F0	Mari Jakadals ja hänen tyttärensä Elsa Kron	images/museovirasto.6CF19764E422C0560669AE85AAB318F0.jpg	https://finna.fi/Cover/Download?id=museovirasto.6CF19764E422C0560669AE85AAB318F0&index=0&size=original&format=tif	https://finna.fi/Record/museovirasto.6CF19764E422C0560669AE85AAB318F0
museovirasto.8B8902EBAF564C323E1049702CB8235C	kampelasaalista lasketaan	images/museovirasto.8B8902EBAF564C323E1049702CB8235C.jpg	https://finna.fi/Cover/Download?id=museovirasto.8B8902EBAF564C323E1049702CB8235C&index=0&size=original&format=tif	https://finna.fi/Record/museovirasto.8B8902EBAF564C323E1049702CB8235C
museovirasto.99BF97C1ADA23B0F2318C0ACC4499B0C	mehiläiskeko parveiluaikaan	images/museovirasto.99BF97C1ADA23B0F2318C0ACC4499B0C.jpg	https://finna.fi/Cover/Download?id=museovirasto.99BF97C1ADA23B0F2318C0ACC4499B0C&index=0&size=original&format=tif	https://finna.fi/Record/museovirasto.99BF97C1ADA23B0F2318C0ACC4499B0C
museovirasto.A4258684491D1ADC9F86EC323E664DDE	kolme kuvioitua kudottua peittoa	images/museovirasto.A4258684491D1ADC9F86EC323E664DDE.jpg	https://finna.fi/Cover/Download?id=museovirasto.A4258684491D1ADC9F86EC323E664DDE&index=0&size=original&format=tif	https://finna.fi/Record/museovirasto.A4258684491D1ADC9F86EC323E664DDE
museovirasto.AB6FD72BBD4D19D6923CB961C7972EC0	Viktoria Adamkovitš	images/museovirasto.AB6FD72BBD4D19D6923CB961C7972EC0.jpg	https://finna.fi/Cover/Download?id=museovirasto.AB6FD72BBD4D19D6923CB961C7972EC0&index=0&size=original&format=tif	https://finna.fi/Record/museovirasto.AB6FD72BBD4D19D6923CB961C7972EC0
museovirasto.B59086D5A37DC3AF1141A086E6690B26	lusikkateline tuvan ulkoseinällä	images/museovirasto.B59086D5A37DC3AF1141A086E6690B26.jpg	https://finna.fi/Cover/Download?id=museovirasto.B59086D5A37DC3AF1141A086E6690B26&index=0&size=original&format=tif	https://finna.fi/Record/museovirasto.B59086D5A37DC3AF1141A086E6690B26
museovirasto.C2260CEBBFF82E1C63F85F3EB974B9E4	mehiläispönttöjä mehiläistarhassa	images/museovirasto.C2260CEBBFF82E1C63F85F3EB974B9E4.jpg	https://finna.fi/Cover/Download?id=museovirasto.C2260CEBBFF82E1C63F85F3EB974B9E4&index=0&size=original&format=tif	https://finna.fi/Record/museovirasto.C2260CEBBFF82E1C63F85F3EB974B9E4
museovirasto.CF9EA6ACAEEAD10D43EF529A71C3C3F0	navetta	images/museovirasto.CF9EA6ACAEEAD10D43EF529A71C3C3F0.jpg	https://finna.fi/Cover/Download?id=museovirasto.CF9EA6ACAEEAD10D43EF529A71C3C3F0&index=0&size=original&format=tif	https://finna.fi/Record/museovirasto.CF9EA6ACAEEAD10D43EF529A71C3C3F0
museovirasto.D93F3EECF51ED405647CD29878E948E9	liiviläinen nainen heinätöissä	images/museovirasto.D93F3EECF51ED405647CD29878E948E9.jpg	https://finna.fi/Cover/Download?id=museovirasto.D93F3EECF51ED405647CD29878E948E9&index=0&size=original&format=tif	https://finna.fi/Record/museovirasto.D93F3EECF51ED405647CD29878E948E9
museovirasto.E4324C8789A3FA3630F262B5ED5E9D54	August Dišler	images/museovirasto.E4324C8789A3FA3630F262B5ED5E9D54.jpg	https://finna.fi/Cover/Download?id=museovirasto.E4324C8789A3FA3630F262B5ED5E9D54&index=0&size=original&format=tif	https://finna.fi/Record/museovirasto.E4324C8789A3FA3630F262B5ED5E9D54
museovirasto.E7AE0E1E86081B0FD90901798D2801CB	hiekkadyyni	images/museovirasto.E7AE0E1E86081B0FD90901798D2801CB.jpg	https://finna.fi/Cover/Download?id=museovirasto.E7AE0E1E86081B0FD90901798D2801CB&index=0&size=original&format=tif	https://finna.fi/Record/museovirasto.E7AE0E1E86081B0FD90901798D2801CB
museovirasto.EB462A0959F0535286FBB8EBD4459C17	Jani Rosenfeld vaimonsa ja lapsiensa kanssa	images/museovirasto.EB462A0959F0535286FBB8EBD4459C17.jpg	https://finna.fi/Cover/Download?id=museovirasto.EB462A0959F0535286FBB8EBD4459C17&index=0&size=original&format=tif	https://finna.fi/Record/museovirasto.EB462A0959F0535286FBB8EBD4459C17
museovirasto.F0F39CEDD65EF831AFC4DCF40EE50329	puisia mehiläispönttöjä mehiläistarhassa	images/museovirasto.F0F39CEDD65EF831AFC4DCF40EE50329.jpg	https://finna.fi/Cover/Download?id=museovirasto.F0F39CEDD65EF831AFC4DCF40EE50329&index=0&size=original&format=tif	https://finna.fi/Record/museovirasto.F0F39CEDD65EF831AFC4DCF40EE50329
museovirasto.F58B0E0B62FE1A567280E89F0C15614E	Triõnõ Jei, 65-vuotias liiviläisnainen	images/museovirasto.F58B0E0B62FE1A567280E89F0C15614E.jpg	https://finna.fi/Cover/Download?id=museovirasto.F58B0E0B62FE1A567280E89F0C15614E&index=0&size=original&format=tif	https://finna.fi/Record/museovirasto.F58B0E0B62FE1A567280E89F0C15614E
museovirasto.FBFE83EDA69832A6279F4265AD86560A	Jani Krišan tervaa kärrynpyöriä Drõudzinin talossa	images/museovirasto.FBFE83EDA69832A6279F4265AD86560A.jpg	https://finna.fi/Cover/Download?id=museovirasto.FBFE83EDA69832A6279F4265AD86560A&index=0&size=original&format=tif	https://finna.fi/Record/museovirasto.FBFE83EDA69832A6279F4265AD86560A
museovirasto.025EC5511B4EBA202F108FE8A8AA4219	mustanummilaisia miehiä vanhan linnan sijaintipaikalla	images/museovirasto.025EC5511B4EBA202F108FE8A8AA4219.jpg	https://finna.fi/Cover/Download?id=museovirasto.025EC5511B4EBA202F108FE8A8AA4219&index=0&size=original&format=tif	https://finna.fi/Record/museovirasto.025EC5511B4EBA202F108FE8A8AA4219
museovirasto.04A64E88FA1988F729F0E835811BDB7B	mies punomassa köyttä	images/museovirasto.04A64E88FA1988F729F0E835811BDB7B.jpg	https://finna.fi/Cover/Download?id=museovirasto.04A64E88FA1988F729F0E835811BDB7B&index=0&size=original&format=tif	https://finna.fi/Record/museovirasto.04A64E88FA1988F729F0E835811BDB7B
museovirasto.0D746F1F642FF49A70C815C6E4EF4ADE	Anbaugin perhe	images/museovirasto.0D746F1F642FF49A70C815C6E4EF4ADE.jpg	https://finna.fi/Cover/Download?id=museovirasto.0D746F1F642FF49A70C815C6E4EF4ADE&index=0&size=original&format=tif	https://finna.fi/Record/museovirasto.0D746F1F642FF49A70C815C6E4EF4ADE
museovirasto.1652D1067B2715408E594E5DAFF40858	kangaspuut	images/museovirasto.1652D1067B2715408E594E5DAFF40858.jpg	https://finna.fi/Cover/Download?id=museovirasto.1652D1067B2715408E594E5DAFF40858&index=0&size=original&format=tif	https://finna.fi/Record/museovirasto.1652D1067B2715408E594E5DAFF40858
museovirasto.2580177E5A8EEF2469ADF4210B85A491	Jānis Bertholds 9-vuotiaan pojanpoikansa Džems Bertholdsin kanssa	images/museovirasto.2580177E5A8EEF2469ADF4210B85A491.jpg	https://finna.fi/Cover/Download?id=museovirasto.2580177E5A8EEF2469ADF4210B85A491&index=0&size=original&format=tif	https://finna.fi/Record/museovirasto.2580177E5A8EEF2469ADF4210B85A491
museovirasto.31F00F8DADE4E51BF80268D4C3D5F966	Brjenkop vaimoineen	images/museovirasto.31F00F8DADE4E51BF80268D4C3D5F966.jpg	https://finna.fi/Cover/Download?id=museovirasto.31F00F8DADE4E51BF80268D4C3D5F966&index=0&size=original&format=tif	https://finna.fi/Record/museovirasto.31F00F8DADE4E51BF80268D4C3D5F966
museovirasto.34EDA043A2FCC3D10C5EAF69028B1593	aittarakennus	images/museovirasto.34EDA043A2FCC3D10C5EAF69028B1593.jpg	https://finna.fi/Cover/Download?id=museovirasto.34EDA043A2FCC3D10C5EAF69028B1593&index=0&size=original&format=tif	https://finna.fi/Record/museovirasto.34EDA043A2FCC3D10C5EAF69028B1593
museovirasto.3E3696D668434D68A3A48A406FF8D3FB	Jain Belte ikkunassa	images/museovirasto.3E3696D668434D68A3A48A406FF8D3FB.jpg	https://finna.fi/Cover/Download?id=museovirasto.3E3696D668434D68A3A48A406FF8D3FB&index=0&size=original&format=tif	https://finna.fi/Record/museovirasto.3E3696D668434D68A3A48A406FF8D3FB
museovirasto.3F649A0025237204123DF438A16C2635	talousrakennus	images/museovirasto.3F649A0025237204123DF438A16C2635.jpg	https://finna.fi/Cover/Download?id=museovirasto.3F649A0025237204123DF438A16C2635&index=0&size=original&format=tif	https://finna.fi/Record/museovirasto.3F649A0025237204123DF438A16C2635
museovirasto.4B73D8A5BE834F3F517E290E2A85621A	merenvalkama	images/museovirasto.4B73D8A5BE834F3F517E290E2A85621A.jpg	https://finna.fi/Cover/Download?id=museovirasto.4B73D8A5BE834F3F517E290E2A85621A&index=0&size=original&format=tif	https://finna.fi/Record/museovirasto.4B73D8A5BE834F3F517E290E2A85621A
museovirasto.555381731063CE2F951E2B4FDB184575	liiviläismiehet Petš Didrikson ja Ditš eli Sidrõk Damberg	images/museovirasto.555381731063CE2F951E2B4FDB184575.jpg	https://finna.fi/Cover/Download?id=museovirasto.555381731063CE2F951E2B4FDB184575&index=0&size=original&format=tif	https://finna.fi/Record/museovirasto.555381731063CE2F951E2B4FDB184575
museovirasto.571B2B3A534D70A8EFB2DCD9371E3AE8	Ditš Damberg kalastajan asussa	images/museovirasto.571B2B3A534D70A8EFB2DCD9371E3AE8.jpg	https://finna.fi/Cover/Download?id=museovirasto.571B2B3A534D70A8EFB2DCD9371E3AE8&index=0&size=original&format=tif	https://finna.fi/Record/museovirasto.571B2B3A534D70A8EFB2DCD9371E3AE8
museovirasto.5FF51D2E5308232C718345FB9FEC60E1	Prinzin talon riihi	images/museovirasto.5FF51D2E5308232C718345FB9FEC60E1.jpg	https://finna.fi/Cover/Download?id=museovirasto.5FF51D2E5308232C718345FB9FEC60E1&index=0&size=original&format=tif	https://finna.fi/Record/museovirasto.5FF51D2E5308232C718345FB9FEC60E1
museovirasto.7113651A25342CA73EA517EA9728DC36	miehet rakentamassa venettä	images/museovirasto.7113651A25342CA73EA517EA9728DC36.jpg	https://finna.fi/Cover/Download?id=museovirasto.7113651A25342CA73EA517EA9728DC36&index=0&size=original&format=tif	https://finna.fi/Record/museovirasto.7113651A25342CA73EA517EA9728DC36
museovirasto.85E444A764B51832FB28574862674416	77-vuotias liiviläismies Didrik Sandman	images/museovirasto.85E444A764B51832FB28574862674416.jpg	https://finna.fi/Cover/Download?id=museovirasto.85E444A764B51832FB28574862674416&index=0&size=original&format=tif	https://finna.fi/Record/museovirasto.85E444A764B51832FB28574862674416
museovirasto.871088232A502183E53A693C30CF078E	näkymä Pizan majakasta merenvalkamaan	images/museovirasto.871088232A502183E53A693C30CF078E.jpg	https://finna.fi/Cover/Download?id=museovirasto.871088232A502183E53A693C30CF078E&index=0&size=original&format=tif	https://finna.fi/Record/museovirasto.871088232A502183E53A693C30CF078E
museovirasto.8A8D01B94529270C67DA79553F6FFF13	miehet kantavat verkkoja veneestä rannalle	images/museovirasto.8A8D01B94529270C67DA79553F6FFF13.jpg	https://finna.fi/Cover/Download?id=museovirasto.8A8D01B94529270C67DA79553F6FFF13&index=0&size=original&format=tif	https://finna.fi/Record/museovirasto.8A8D01B94529270C67DA79553F6FFF13
museovirasto.9A8EAB83CC4D0CB1C0431F63419E502B	80-vuotias Kloudž Hallman riisuu hevosta valjaista	images/museovirasto.9A8EAB83CC4D0CB1C0431F63419E502B.jpg	https://finna.fi/Cover/Download?id=museovirasto.9A8EAB83CC4D0CB1C0431F63419E502B&index=0&size=original&format=tif	https://finna.fi/Record/museovirasto.9A8EAB83CC4D0CB1C0431F63419E502B
museovirasto.9B18C146B164DC5C13CD2336CE26E25C	Indrok Kandõs professori Setälän kielimestarina	images/museovirasto.9B18C146B164DC5C13CD2336CE26E25C.jpg	https://finna.fi/Cover/Download?id=museovirasto.9B18C146B164DC5C13CD2336CE26E25C&index=0&size=original&format=tif	https://finna.fi/Record/museovirasto.9B18C146B164DC5C13CD2336CE26E25C
museovirasto.A9DD0A5F0FCCD5D6D5C77D72A6EC0E96	jokimaisema	images/museovirasto.A9DD0A5F0FCCD5D6D5C77D72A6EC0E96.jpg	https://finna.fi/Cover/Download?id=museovirasto.A9DD0A5F0FCCD5D6D5C77D72A6EC0E96&index=0&size=original&format=tif	https://finna.fi/Record/museovirasto.A9DD0A5F0FCCD5D6D5C77D72A6EC0E96
museovirasto.AB49DF23B8D6AA8A8F2A4CC7A65AB920	Klouz Tišlei perheineen	images/museovirasto.AB49DF23B8D6AA8A8F2A4CC7A65AB920.jpg	https://finna.fi/Cover/Download?id=museovirasto.AB49DF23B8D6AA8A8F2A4CC7A65AB920&index=0&size=original&format=tif	https://finna.fi/Record/museovirasto.AB49DF23B8D6AA8A8F2A4CC7A65AB920
museovirasto.AE161C5D5C262C3C2E6CC483B71D879C	Triõnõ Jei pesee pyykkiä kartulla	images/museovirasto.AE161C5D5C262C3C2E6CC483B71D879C.jpg	https://finna.fi/Cover/Download?id=museovirasto.AE161C5D5C262C3C2E6CC483B71D879C&index=0&size=original&format=tif	https://finna.fi/Record/museovirasto.AE161C5D5C262C3C2E6CC483B71D879C
museovirasto.B39A9E11220F57A0E8CE7719C789607F	Griet Spruoik poikineen sekä Mari ja Petr Anzinan	images/museovirasto.B39A9E11220F57A0E8CE7719C789607F.jpg	https://finna.fi/Cover/Download?id=museovirasto.B39A9E11220F57A0E8CE7719C789607F&index=0&size=original&format=tif	https://finna.fi/Record/museovirasto.B39A9E11220F57A0E8CE7719C789607F
museovirasto.B61D5432A4EFBD3ADCDFE3C184B1FAB4	61-vuotias liiviläismies Jan Killmeier	images/museovirasto.B61D5432A4EFBD3ADCDFE3C184B1FAB4.jpg	https://finna.fi/Cover/Download?id=museovirasto.B61D5432A4EFBD3ADCDFE3C184B1FAB4&index=0&size=original&format=tif	https://finna.fi/Record/museovirasto.B61D5432A4EFBD3ADCDFE3C184B1FAB4
museovirasto.B718AA6B747F0A29E11FB50F907CBB15	silakkaverkkoja kuivumassa rannalla	images/museovirasto.B718AA6B747F0A29E11FB50F907CBB15.jpg	https://finna.fi/Cover/Download?id=museovirasto.B718AA6B747F0A29E11FB50F907CBB15&index=0&size=original&format=tif	https://finna.fi/Record/museovirasto.B718AA6B747F0A29E11FB50F907CBB15
museovirasto.CCC8DFE6CBB3455646ED0927F0A28918	rantamaisema	images/museovirasto.CCC8DFE6CBB3455646ED0927F0A28918.jpg	https://finna.fi/Cover/Download?id=museovirasto.CCC8DFE6CBB3455646ED0927F0A28918&index=0&size=original&format=tif	https://finna.fi/Record/museovirasto.CCC8DFE6CBB3455646ED0927F0A28918
museovirasto.CFE133EFC62E9E855C67C7F7E07F9925	kolme kuvioitua kudottua peittoa	images/museovirasto.CFE133EFC62E9E855C67C7F7E07F9925.jpg	https://finna.fi/Cover/Download?id=museovirasto.CFE133EFC62E9E855C67C7F7E07F9925&index=0&size=original&format=tif	https://finna.fi/Record/museovirasto.CFE133EFC62E9E855C67C7F7E07F9925
museovirasto.D32A9CDCBF9908FEBF833CF542F18A09	soinen kosteikko hiekkadyynien välissä	images/museovirasto.D32A9CDCBF9908FEBF833CF542F18A09.jpg	https://finna.fi/Cover/Download?id=museovirasto.D32A9CDCBF9908FEBF833CF542F18A09&index=0&size=original&format=tif	https://finna.fi/Record/museovirasto.D32A9CDCBF9908FEBF833CF542F18A09
museovirasto.D50C2454F6837131BB44E642DC3AED52	Staklerin perhe: nainen kolmen lapsen kanssa	images/museovirasto.D50C2454F6837131BB44E642DC3AED52.jpg	https://finna.fi/Cover/Download?id=museovirasto.D50C2454F6837131BB44E642DC3AED52&index=0&size=original&format=tif	https://finna.fi/Record/museovirasto.D50C2454F6837131BB44E642DC3AED52
museovirasto.DE3F5455E8CC08095D3368A7E2748A08	ruumissaatto lähdössä talon pihalta	images/museovirasto.DE3F5455E8CC08095D3368A7E2748A08.jpg	https://finna.fi/Cover/Download?id=museovirasto.DE3F5455E8CC08095D3368A7E2748A08&index=0&size=original&format=tif	https://finna.fi/Record/museovirasto.DE3F5455E8CC08095D3368A7E2748A08
museovirasto.F13723DF35C63B0FC32F817F083FB6CA	Brants Bauman perkaamassa kampeloita	images/museovirasto.F13723DF35C63B0FC32F817F083FB6CA.jpg	https://finna.fi/Cover/Download?id=museovirasto.F13723DF35C63B0FC32F817F083FB6CA&index=0&size=original&format=tif	https://finna.fi/Record/museovirasto.F13723DF35C63B0FC32F817F083FB6CA
museovirasto.F50B0267327772CF2E49AD677EAC86C0	pyhä tammi	images/museovirasto.F50B0267327772CF2E49AD677EAC86C0.jpg	https://finna.fi/Cover/Download?id=museovirasto.F50B0267327772CF2E49AD677EAC86C0&index=0&size=original&format=tif	https://finna.fi/Record/museovirasto.F50B0267327772CF2E49AD677EAC86C0
museovirasto.05342147D09CF0C74227C74241809CDF	katettu perunakuoppa	images/museovirasto.05342147D09CF0C74227C74241809CDF.jpg	https://finna.fi/Cover/Download?id=museovirasto.05342147D09CF0C74227C74241809CDF&index=0&size=original&format=tif	https://finna.fi/Record/museovirasto.05342147D09CF0C74227C74241809CDF
museovirasto.0A6EF305AEFD39CFF80096D8C57A3230	malkakattoinen asuinrakennus	images/museovirasto.0A6EF305AEFD39CFF80096D8C57A3230.jpg	https://finna.fi/Cover/Download?id=museovirasto.0A6EF305AEFD39CFF80096D8C57A3230&index=0&size=original&format=tif	https://finna.fi/Record/museovirasto.0A6EF305AEFD39CFF80096D8C57A3230
museovirasto.1211F256EB47FAB00BF3698E6F297875	Batkin tila	images/museovirasto.1211F256EB47FAB00BF3698E6F297875.jpg	https://finna.fi/Cover/Download?id=museovirasto.1211F256EB47FAB00BF3698E6F297875&index=0&size=original&format=tif	https://finna.fi/Record/museovirasto.1211F256EB47FAB00BF3698E6F297875
museovirasto.24C77B5F6512420C502A5FA84ED86F1A	Petš Niklon piippu suussaan	images/museovirasto.24C77B5F6512420C502A5FA84ED86F1A.jpg	https://finna.fi/Cover/Download?id=museovirasto.24C77B5F6512420C502A5FA84ED86F1A&index=0&size=original&format=tif	https://finna.fi/Record/museovirasto.24C77B5F6512420C502A5FA84ED86F1A
museovirasto.2B9BFB33CB35BCFB3306DB4DCE80550B	Līž Dišlor pukeutuneena vanhaan morsiamen asuun	images/museovirasto.2B9BFB33CB35BCFB3306DB4DCE80550B.jpg	https://finna.fi/Cover/Download?id=museovirasto.2B9BFB33CB35BCFB3306DB4DCE80550B&index=0&size=original&format=tif	https://finna.fi/Record/museovirasto.2B9BFB33CB35BCFB3306DB4DCE80550B
museovirasto.32984ED035675711C9700F554CC6BDB5	kirjoneulottuja villasukkia	images/museovirasto.32984ED035675711C9700F554CC6BDB5.jpg	https://finna.fi/Cover/Download?id=museovirasto.32984ED035675711C9700F554CC6BDB5&index=0&size=original&format=tif	https://finna.fi/Record/museovirasto.32984ED035675711C9700F554CC6BDB5
museovirasto.39881287E073F0CF9FF565678BEC7D64	luomapuut	images/museovirasto.39881287E073F0CF9FF565678BEC7D64.jpg	https://finna.fi/Cover/Download?id=museovirasto.39881287E073F0CF9FF565678BEC7D64&index=0&size=original&format=tif	https://finna.fi/Record/museovirasto.39881287E073F0CF9FF565678BEC7D64
museovirasto.3FBE7A117A81031BBE536255149AD724	kylämaisema	images/museovirasto.3FBE7A117A81031BBE536255149AD724.jpg	https://finna.fi/Cover/Download?id=museovirasto.3FBE7A117A81031BBE536255149AD724&index=0&size=original&format=tif	https://finna.fi/Record/museovirasto.3FBE7A117A81031BBE536255149AD724
museovirasto.46270C6D6B7AFBDA44436F1678BA0729	mies selvittää verkkoja kuivumaan	images/museovirasto.46270C6D6B7AFBDA44436F1678BA0729.jpg	https://finna.fi/Cover/Download?id=museovirasto.46270C6D6B7AFBDA44436F1678BA0729&index=0&size=original&format=tif	https://finna.fi/Record/museovirasto.46270C6D6B7AFBDA44436F1678BA0729
museovirasto.4BF092E921CEDC19DE710FFFB66E1F59	riihitystyökaluja: puuhanko, riihiharava ja riihilapio	images/museovirasto.4BF092E921CEDC19DE710FFFB66E1F59.jpg	https://finna.fi/Cover/Download?id=museovirasto.4BF092E921CEDC19DE710FFFB66E1F59&index=0&size=original&format=tif	https://finna.fi/Record/museovirasto.4BF092E921CEDC19DE710FFFB66E1F59
museovirasto.656C7EA453CDBE92FFBE165B185E4E12	Petr Armand ja Libs Krinkéd pujottavat kampeloita keppeihin savustustettaviksi	images/museovirasto.656C7EA453CDBE92FFBE165B185E4E12.jpg	https://finna.fi/Cover/Download?id=museovirasto.656C7EA453CDBE92FFBE165B185E4E12&index=0&size=original&format=tif	https://finna.fi/Record/museovirasto.656C7EA453CDBE92FFBE165B185E4E12
museovirasto.661637B2E1B4AAE8B2C1907E1CD8BCE7	heinänteossa	images/museovirasto.661637B2E1B4AAE8B2C1907E1CD8BCE7.jpg	https://finna.fi/Cover/Download?id=museovirasto.661637B2E1B4AAE8B2C1907E1CD8BCE7&index=0&size=original&format=tif	https://finna.fi/Record/museovirasto.661637B2E1B4AAE8B2C1907E1CD8BCE7
museovirasto.79899387AFDBD6389F7770F20D2AF85B	Lība Jeans harventaa savustusvartaille pujotettuja kaloja	images/museovirasto.79899387AFDBD6389F7770F20D2AF85B.jpg	https://finna.fi/Cover/Download?id=museovirasto.79899387AFDBD6389F7770F20D2AF85B&index=0&size=original&format=tif	https://finna.fi/Record/museovirasto.79899387AFDBD6389F7770F20D2AF85B
museovirasto.8135D45027F7BFA10EBEFDFF29AC6D03	Adu Rosenfelt kertoo taikoja maisteri E.A. Saarimaalle	images/museovirasto.8135D45027F7BFA10EBEFDFF29AC6D03.jpg	https://finna.fi/Cover/Download?id=museovirasto.8135D45027F7BFA10EBEFDFF29AC6D03&index=0&size=original&format=tif	https://finna.fi/Record/museovirasto.8135D45027F7BFA10EBEFDFF29AC6D03
museovirasto.82EB74C307A427D97AFCCC15ADFF60E2	mies kirjottu paita päällään	images/museovirasto.82EB74C307A427D97AFCCC15ADFF60E2.jpg	https://finna.fi/Cover/Download?id=museovirasto.82EB74C307A427D97AFCCC15ADFF60E2&index=0&size=original&format=tif	https://finna.fi/Record/museovirasto.82EB74C307A427D97AFCCC15ADFF60E2
museovirasto.8454BD22186F0BD36E73B77BA9A0C245	tilapäinen kotarakennelma	images/museovirasto.8454BD22186F0BD36E73B77BA9A0C245.jpg	https://finna.fi/Cover/Download?id=museovirasto.8454BD22186F0BD36E73B77BA9A0C245&index=0&size=original&format=tif	https://finna.fi/Record/museovirasto.8454BD22186F0BD36E73B77BA9A0C245
museovirasto.9C7A5CBE38D54E655275FB609FA3D681	77-vuotias Nēz Apš	images/museovirasto.9C7A5CBE38D54E655275FB609FA3D681.jpg	https://finna.fi/Cover/Download?id=museovirasto.9C7A5CBE38D54E655275FB609FA3D681&index=0&size=original&format=tif	https://finna.fi/Record/museovirasto.9C7A5CBE38D54E655275FB609FA3D681
museovirasto.9EE1AFD455AC402973E30CCAD18FF7AF	Trīn Freiberg vanhassa morsiuspuvussaan takaapäin kuvattuna	images/museovirasto.9EE1AFD455AC402973E30CCAD18FF7AF.jpg	https://finna.fi/Cover/Download?id=museovirasto.9EE1AFD455AC402973E30CCAD18FF7AF&index=0&size=original&format=tif	https://finna.fi/Record/museovirasto.9EE1AFD455AC402973E30CCAD18FF7AF
museovirasto.9FE9170E99D68602AD25BB8C68F910C9	rantamaisema Iren ja Koštrõgin väliltä	images/museovirasto.9FE9170E99D68602AD25BB8C68F910C9.jpg	https://finna.fi/Cover/Download?id=museovirasto.9FE9170E99D68602AD25BB8C68F910C9&index=0&size=original&format=tif	https://finna.fi/Record/museovirasto.9FE9170E99D68602AD25BB8C68F910C9
museovirasto.A0DDDD15C1A7100E6023D6134E7B401B	liiviläistä rahvasta pyhävaatteissaan	images/museovirasto.A0DDDD15C1A7100E6023D6134E7B401B.jpg	https://finna.fi/Cover/Download?id=museovirasto.A0DDDD15C1A7100E6023D6134E7B401B&index=0&size=original&format=tif	https://finna.fi/Record/museovirasto.A0DDDD15C1A7100E6023D6134E7B401B
museovirasto.A79A0EB8E7260BAB342B29EE4E4561FB	Elsa ja Lēna Tišler	images/museovirasto.A79A0EB8E7260BAB342B29EE4E4561FB.jpg	https://finna.fi/Cover/Download?id=museovirasto.A79A0EB8E7260BAB342B29EE4E4561FB&index=0&size=original&format=tif	https://finna.fi/Record/museovirasto.A79A0EB8E7260BAB342B29EE4E4561FB
museovirasto.ACC46D4C847AE07A62672CD024BAF599	rantamaisema	images/museovirasto.ACC46D4C847AE07A62672CD024BAF599.jpg	https://finna.fi/Cover/Download?id=museovirasto.ACC46D4C847AE07A62672CD024BAF599&index=0&size=original&format=tif	https://finna.fi/Record/museovirasto.ACC46D4C847AE07A62672CD024BAF599
museovirasto.AD5AE52F9F8B895370CFD41CB402F7F0	Anna Freiberg paikkaamassa verkkoa	images/museovirasto.AD5AE52F9F8B895370CFD41CB402F7F0.jpg	https://finna.fi/Cover/Download?id=museovirasto.AD5AE52F9F8B895370CFD41CB402F7F0&index=0&size=original&format=tif	https://finna.fi/Record/museovirasto.AD5AE52F9F8B895370CFD41CB402F7F0
museovirasto.B0DD5F45E5666EFF8AE7B0119BF1E4F4	Katrin Zinge, professori Setälän kielimestari	images/museovirasto.B0DD5F45E5666EFF8AE7B0119BF1E4F4.jpg	https://finna.fi/Cover/Download?id=museovirasto.B0DD5F45E5666EFF8AE7B0119BF1E4F4&index=0&size=original&format=tif	https://finna.fi/Record/museovirasto.B0DD5F45E5666EFF8AE7B0119BF1E4F4
museovirasto.B5BEFD1FCE2BD151494935A09315DD2E	ulkorakennus	images/museovirasto.B5BEFD1FCE2BD151494935A09315DD2E.jpg	https://finna.fi/Cover/Download?id=museovirasto.B5BEFD1FCE2BD151494935A09315DD2E&index=0&size=original&format=tif	https://finna.fi/Record/museovirasto.B5BEFD1FCE2BD151494935A09315DD2E
museovirasto.C8E3A7CA3A8A72A002EEFD060F81EB68	vinttikaivo ja kota	images/museovirasto.C8E3A7CA3A8A72A002EEFD060F81EB68.jpg	https://finna.fi/Cover/Download?id=museovirasto.C8E3A7CA3A8A72A002EEFD060F81EB68&index=0&size=original&format=tif	https://finna.fi/Record/museovirasto.C8E3A7CA3A8A72A002EEFD060F81EB68
museovirasto.DB9CFFB3F220D28887B290F16A0CDD3D	aittarakennus, āita	images/museovirasto.DB9CFFB3F220D28887B290F16A0CDD3D.jpg	https://finna.fi/Cover/Download?id=museovirasto.DB9CFFB3F220D28887B290F16A0CDD3D&index=0&size=original&format=tif	https://finna.fi/Record/museovirasto.DB9CFFB3F220D28887B290F16A0CDD3D
museovirasto.F2D2691E4180CB4F82E3BAD0A5ACEA30	halkoja lastataan mereen ajetuista kärryistä veneisiin	images/museovirasto.F2D2691E4180CB4F82E3BAD0A5ACEA30.jpg	https://finna.fi/Cover/Download?id=museovirasto.F2D2691E4180CB4F82E3BAD0A5ACEA30&index=0&size=original&format=tif	https://finna.fi/Record/museovirasto.F2D2691E4180CB4F82E3BAD0A5ACEA30
museovirasto.FA6F797D19B4DD082FE5D0D3E00E0A74	suppilopohjainen kimpiastia	images/museovirasto.FA6F797D19B4DD082FE5D0D3E00E0A74.jpg	https://finna.fi/Cover/Download?id=museovirasto.FA6F797D19B4DD082FE5D0D3E00E0A74&index=0&size=original&format=tif	https://finna.fi/Record/museovirasto.FA6F797D19B4DD082FE5D0D3E00E0A74
museovirasto.039BB8BC11B4C330B698E2EC3F8AEBBC	Jan Berthold pehmittää vuotaa nahanvalmistuskoukulla	images/museovirasto.039BB8BC11B4C330B698E2EC3F8AEBBC.jpg	https://finna.fi/Cover/Download?id=museovirasto.039BB8BC11B4C330B698E2EC3F8AEBBC&index=0&size=original&format=tif	https://finna.fi/Record/museovirasto.039BB8BC11B4C330B698E2EC3F8AEBBC
museovirasto.05F13C2413E18653BC2AD60F22CE4A01	Wil ́am Krišiān keskustelee professori E.N. Setälän kanssa	images/museovirasto.05F13C2413E18653BC2AD60F22CE4A01.jpg	https://finna.fi/Cover/Download?id=museovirasto.05F13C2413E18653BC2AD60F22CE4A01&index=0&size=original&format=tif	https://finna.fi/Record/museovirasto.05F13C2413E18653BC2AD60F22CE4A01
museovirasto.14D94C057EA421EBAD3ED86D3784E0BA	kalaverkkoja kuivamassa telineillä	images/museovirasto.14D94C057EA421EBAD3ED86D3784E0BA.jpg	https://finna.fi/Cover/Download?id=museovirasto.14D94C057EA421EBAD3ED86D3784E0BA&index=0&size=original&format=tif	https://finna.fi/Record/museovirasto.14D94C057EA421EBAD3ED86D3784E0BA
museovirasto.1B06E29134AA0A021E9905974738FAD5	August Botàs ratsailla, hevosella kaislapehmike länkien alla	images/museovirasto.1B06E29134AA0A021E9905974738FAD5.jpg	https://finna.fi/Cover/Download?id=museovirasto.1B06E29134AA0A021E9905974738FAD5&index=0&size=original&format=tif	https://finna.fi/Record/museovirasto.1B06E29134AA0A021E9905974738FAD5
museovirasto.244D4DF53E683CDFB78D5F39042E8615	Karl Freiberg ja Līzs talon edustalla	images/museovirasto.244D4DF53E683CDFB78D5F39042E8615.jpg	https://finna.fi/Cover/Download?id=museovirasto.244D4DF53E683CDFB78D5F39042E8615&index=0&size=original&format=tif	https://finna.fi/Record/museovirasto.244D4DF53E683CDFB78D5F39042E8615
museovirasto.4F210F504DBBB9F20BAD589AC50676CF	mehiläisaitta	images/museovirasto.4F210F504DBBB9F20BAD589AC50676CF.jpg	https://finna.fi/Cover/Download?id=museovirasto.4F210F504DBBB9F20BAD589AC50676CF&index=0&size=original&format=tif	https://finna.fi/Record/museovirasto.4F210F504DBBB9F20BAD589AC50676CF
museovirasto.55CA8B6DE248F0B525B1CE73597347C7	kalastusvälineitä	images/museovirasto.55CA8B6DE248F0B525B1CE73597347C7.jpg	https://finna.fi/Cover/Download?id=museovirasto.55CA8B6DE248F0B525B1CE73597347C7&index=0&size=original&format=tif	https://finna.fi/Record/museovirasto.55CA8B6DE248F0B525B1CE73597347C7
museovirasto.5829777C265BEEC78789510A8D3313A7	vyyhdinpuut	images/museovirasto.5829777C265BEEC78789510A8D3313A7.jpg	https://finna.fi/Cover/Download?id=museovirasto.5829777C265BEEC78789510A8D3313A7&index=0&size=original&format=tif	https://finna.fi/Record/museovirasto.5829777C265BEEC78789510A8D3313A7
museovirasto.612190EAD0D5339E95F7B2C4FBD76DB6	merenvalkama Luužin kylän edustalla	images/museovirasto.612190EAD0D5339E95F7B2C4FBD76DB6.jpg	https://finna.fi/Cover/Download?id=museovirasto.612190EAD0D5339E95F7B2C4FBD76DB6&index=0&size=original&format=tif	https://finna.fi/Record/museovirasto.612190EAD0D5339E95F7B2C4FBD76DB6
museovirasto.6A501CD12643AF988DBEAAB112C9C566	Beltin perhe: Alfrid, Milda, Līna, Eduard, Eliz, Otó, Jain, Ditš	images/museovirasto.6A501CD12643AF988DBEAAB112C9C566.jpg	https://finna.fi/Cover/Download?id=museovirasto.6A501CD12643AF988DBEAAB112C9C566&index=0&size=original&format=tif	https://finna.fi/Record/museovirasto.6A501CD12643AF988DBEAAB112C9C566
museovirasto.73B9F14F80DA73D3AC9592B7A0E660DD	lukko puuovessa	images/museovirasto.73B9F14F80DA73D3AC9592B7A0E660DD.jpg	https://finna.fi/Cover/Download?id=museovirasto.73B9F14F80DA73D3AC9592B7A0E660DD&index=0&size=original&format=tif	https://finna.fi/Record/museovirasto.73B9F14F80DA73D3AC9592B7A0E660DD
museovirasto.7976F10051C18246E0574739C164C871	Kērsts Andzinan ja Trīn Ruupenberg talon ovensuussa	images/museovirasto.7976F10051C18246E0574739C164C871.jpg	https://finna.fi/Cover/Download?id=museovirasto.7976F10051C18246E0574739C164C871&index=0&size=original&format=tif	https://finna.fi/Record/museovirasto.7976F10051C18246E0574739C164C871
museovirasto.84DAE9A1738286FF86DB8212FA5F5018	Līna Apš ja hänen poikansa Andriks	images/museovirasto.84DAE9A1738286FF86DB8212FA5F5018.jpg	https://finna.fi/Cover/Download?id=museovirasto.84DAE9A1738286FF86DB8212FA5F5018&index=0&size=original&format=tif	https://finna.fi/Record/museovirasto.84DAE9A1738286FF86DB8212FA5F5018
museovirasto.8668B737836FC94132D253369870E167	lapsia leikkimässä leikkipurjeveneellä	images/museovirasto.8668B737836FC94132D253369870E167.jpg	https://finna.fi/Cover/Download?id=museovirasto.8668B737836FC94132D253369870E167&index=0&size=original&format=tif	https://finna.fi/Record/museovirasto.8668B737836FC94132D253369870E167
museovirasto.9751E243DDAABB7C4EAFF2351CBF8FC4	hevoskärryjä liiterissä	images/museovirasto.9751E243DDAABB7C4EAFF2351CBF8FC4.jpg	https://finna.fi/Cover/Download?id=museovirasto.9751E243DDAABB7C4EAFF2351CBF8FC4&index=0&size=original&format=tif	https://finna.fi/Record/museovirasto.9751E243DDAABB7C4EAFF2351CBF8FC4
museovirasto.988B58A54830E4244DF2416BBE111597	ranta-aitta, jonka ovessa puinen lukko	images/museovirasto.988B58A54830E4244DF2416BBE111597.jpg	https://finna.fi/Cover/Download?id=museovirasto.988B58A54830E4244DF2416BBE111597&index=0&size=original&format=tif	https://finna.fi/Record/museovirasto.988B58A54830E4244DF2416BBE111597
museovirasto.9DC3C654B28BD7C0650F76180D257613	Uldrõk Krišan, 56-vuotias liiviläismies	images/museovirasto.9DC3C654B28BD7C0650F76180D257613.jpg	https://finna.fi/Cover/Download?id=museovirasto.9DC3C654B28BD7C0650F76180D257613&index=0&size=original&format=tif	https://finna.fi/Record/museovirasto.9DC3C654B28BD7C0650F76180D257613
museovirasto.9E34BBF87B174753138AF91AA2AF72AE	Drõudzinin talon sauna	images/museovirasto.9E34BBF87B174753138AF91AA2AF72AE.jpg	https://finna.fi/Cover/Download?id=museovirasto.9E34BBF87B174753138AF91AA2AF72AE&index=0&size=original&format=tif	https://finna.fi/Record/museovirasto.9E34BBF87B174753138AF91AA2AF72AE
museovirasto.A54D0F8D3DFF871D0C5EFA44F5D2D7FB	rantamaisema	images/museovirasto.A54D0F8D3DFF871D0C5EFA44F5D2D7FB.jpg	https://finna.fi/Cover/Download?id=museovirasto.A54D0F8D3DFF871D0C5EFA44F5D2D7FB&index=0&size=original&format=tif	https://finna.fi/Record/museovirasto.A54D0F8D3DFF871D0C5EFA44F5D2D7FB
museovirasto.B97EC7B5519AFBC4F8CCDFEFE271AA11	liiviläismies Stakler	images/museovirasto.B97EC7B5519AFBC4F8CCDFEFE271AA11.jpg	https://finna.fi/Cover/Download?id=museovirasto.B97EC7B5519AFBC4F8CCDFEFE271AA11&index=0&size=original&format=tif	https://finna.fi/Record/museovirasto.B97EC7B5519AFBC4F8CCDFEFE271AA11
museovirasto.BB455B95FBDEF9EE074D11EDBD6E0CAF	Jani Weinberg	images/museovirasto.BB455B95FBDEF9EE074D11EDBD6E0CAF.jpg	https://finna.fi/Cover/Download?id=museovirasto.BB455B95FBDEF9EE074D11EDBD6E0CAF&index=0&size=original&format=tif	https://finna.fi/Record/museovirasto.BB455B95FBDEF9EE074D11EDBD6E0CAF
museovirasto.C8409A1FB9BA2D37B39B3CA6AA0CF677	Līž Dišler ja Jäda Hausman	images/museovirasto.C8409A1FB9BA2D37B39B3CA6AA0CF677.jpg	https://finna.fi/Cover/Download?id=museovirasto.C8409A1FB9BA2D37B39B3CA6AA0CF677&index=0&size=original&format=tif	https://finna.fi/Record/museovirasto.C8409A1FB9BA2D37B39B3CA6AA0CF677
museovirasto.CB342622C2381F236A1C265409AB4589	verkonmerkki ja kalastusveneitä	images/museovirasto.CB342622C2381F236A1C265409AB4589.jpg	https://finna.fi/Cover/Download?id=museovirasto.CB342622C2381F236A1C265409AB4589&index=0&size=original&format=tif	https://finna.fi/Record/museovirasto.CB342622C2381F236A1C265409AB4589
museovirasto.CC25EA64F19145EA543433103C566637	kaulauslauta, johon veistetty 1245	images/museovirasto.CC25EA64F19145EA543433103C566637.jpg	https://finna.fi/Cover/Download?id=museovirasto.CC25EA64F19145EA543433103C566637&index=0&size=original&format=tif	https://finna.fi/Record/museovirasto.CC25EA64F19145EA543433103C566637
museovirasto.CC8FBBF6AB671DFC2CB288E89C064AFC	kalastusverkkoje vapeilla kuivumassa	images/museovirasto.CC8FBBF6AB671DFC2CB288E89C064AFC.jpg	https://finna.fi/Cover/Download?id=museovirasto.CC8FBBF6AB671DFC2CB288E89C064AFC&index=0&size=original&format=tif	https://finna.fi/Record/museovirasto.CC8FBBF6AB671DFC2CB288E89C064AFC
museovirasto.E3B69AF0DE773DCECAAED599A37248FE	verkkokoju	images/museovirasto.E3B69AF0DE773DCECAAED599A37248FE.jpg	https://finna.fi/Cover/Download?id=museovirasto.E3B69AF0DE773DCECAAED599A37248FE&index=0&size=original&format=tif	https://finna.fi/Record/museovirasto.E3B69AF0DE773DCECAAED599A37248FE
museovirasto.EEF2A93E0FD60D587495A1DCB68AEC07	kampeloita pistellään vartaalle paistamista varten	images/museovirasto.EEF2A93E0FD60D587495A1DCB68AEC07.jpg	https://finna.fi/Cover/Download?id=museovirasto.EEF2A93E0FD60D587495A1DCB68AEC07&index=0&size=original&format=tif	https://finna.fi/Record/museovirasto.EEF2A93E0FD60D587495A1DCB68AEC07
museovirasto.F581FA27D861D1A179E6653C906FB06A	pohdin	images/museovirasto.F581FA27D861D1A179E6653C906FB06A.jpg	https://finna.fi/Cover/Download?id=museovirasto.F581FA27D861D1A179E6653C906FB06A&index=0&size=original&format=tif	https://finna.fi/Record/museovirasto.F581FA27D861D1A179E6653C906FB06A
museovirasto.F62FA38A6939B30DDAFD78F0D6E7CA25	naiset pujottavat kaloja vartaalle savustusaitan edustalla	images/museovirasto.F62FA38A6939B30DDAFD78F0D6E7CA25.jpg	https://finna.fi/Cover/Download?id=museovirasto.F62FA38A6939B30DDAFD78F0D6E7CA25&index=0&size=original&format=tif	https://finna.fi/Record/museovirasto.F62FA38A6939B30DDAFD78F0D6E7CA25
